judge_name,judge_id,project_id,intro,methods,interpretation,discussion,discretionary
Julianne Wood,1,72,2,1,6,1,1
Julianne Wood,1,76,1,3,0,1,0
Julianne Wood,1,65,0,2,0,0,5
Julianne Wood,1,33,1,1,6,4,1
Julianne Wood,1,55,0,0,0,1,1
Julianne Wood,1,85,1,1,1,0,1
Carl White,2,81,7,4,6,7,7
Carl White,2,79,2,2,0,1,2
Carl White,2,29,6,3,1,3,1
Carl White,2,46,7,3,9,9,8
Carl White,2,96,2,2,6,5,7
Carl White,2,67,1,2,6,6,3
Fabian Duff,3,79,5,2,5,1,1
Fabian Duff,3,32,7,9,6,6,7
Fabian Duff,3,33,9,9,6,6,9
Fabian Duff,3,67,7,9,4,4,4
Fabian Duff,3,98,9,9,4,4,5
Fabian Duff,3,47,8,8,7,5,3
Faith Foster,4,99,4,1,3,1,4
Faith Foster,4,82,9,7,3,6,9
Faith Foster,4,100,5,8,6,7,2
Faith Foster,4,49,5,5,1,4,4
Faith Foster,4,9,9,2,4,5,7
Faith Foster,4,91,2,3,1,0,3
Kalie Speiser,5,82,8,8,9,9,9
Kalie Speiser,5,77,7,4,4,3,6
Kalie Speiser,5,63,7,7,7,5,7
Kalie Speiser,5,85,4,4,2,3,4
Kalie Speiser,5,74,5,3,1,2,3
Kalie Speiser,5,43,4,7,4,7,4
Salma al-Yusuf,6,41,3,0,1,6,2
Salma al-Yusuf,6,54,7,8,7,7,4
Salma al-Yusuf,6,81,7,8,6,3,3
Salma al-Yusuf,6,13,7,1,3,3,4
Salma al-Yusuf,6,95,4,4,3,6,5
Salma al-Yusuf,6,58,6,6,4,7,7
Tyler Ruetschle,7,96,3,6,3,2,1
Tyler Ruetschle,7,70,1,1,0,0,0
Tyler Ruetschle,7,37,4,0,1,4,2
Tyler Ruetschle,7,90,0,0,0,0,1
Tyler Ruetschle,7,27,1,1,1,0,0
Tyler Ruetschle,7,75,0,0,1,0,0
Dakota Dilley,8,43,1,0,1,0,1
Dakota Dilley,8,41,2,2,1,0,2
Dakota Dilley,8,37,1,1,1,0,1
Dakota Dilley,8,98,0,1,2,3,2
Dakota Dilley,8,59,5,1,2,4,1
Dakota Dilley,8,75,2,0,0,0,0
Marissa Tuano,9,82,7,9,6,6,9
Marissa Tuano,9,84,8,4,9,7,9
Marissa Tuano,9,58,7,8,8,4,6
Marissa Tuano,9,46,10,9,9,8,8
Marissa Tuano,9,91,7,3,4,2,1
Marissa Tuano,9,100,8,8,8,8,8
Naafoora el-Bey,11,3,9,8,3,7,7
Naafoora el-Bey,11,61,3,4,2,1,4
Naafoora el-Bey,11,41,1,4,1,8,6
Naafoora el-Bey,11,31,3,2,6,7,4
Naafoora el-Bey,11,91,1,2,2,1,4
Naafoora el-Bey,11,54,8,10,9,8,5
Mazeeda al-Kalil,12,57,2,3,6,4,8
Mazeeda al-Kalil,12,61,5,2,9,7,4
Mazeeda al-Kalil,12,69,4,7,8,9,7
Mazeeda al-Kalil,12,53,3,3,7,5,6
Mazeeda al-Kalil,12,59,3,8,6,6,9
Mazeeda al-Kalil,12,76,3,1,5,3,3
Amber Laughton,13,43,1,2,0,1,1
Amber Laughton,13,62,0,0,0,0,0
Amber Laughton,13,85,0,0,0,0,0
Amber Laughton,13,29,3,1,1,1,1
Amber Laughton,13,15,1,1,2,1,0
Amber Laughton,13,61,0,1,0,1,0
Samantha Johnson,14,80,5,5,3,2,2
Samantha Johnson,14,58,8,8,7,9,9
Samantha Johnson,14,52,9,9,8,10,8
Samantha Johnson,14,24,9,7,9,9,10
Samantha Johnson,14,35,2,3,8,7,5
Samantha Johnson,14,70,2,10,3,3,5
Charles Garrison,15,61,6,5,3,8,7
Charles Garrison,15,76,1,3,8,4,6
Charles Garrison,15,53,6,5,6,9,6
Charles Garrison,15,3,7,8,8,9,8
Charles Garrison,15,20,9,10,6,9,6
Charles Garrison,15,49,4,4,8,7,4
Clyde Harding,16,52,4,4,4,4,7
Clyde Harding,16,57,1,5,1,2,1
Clyde Harding,16,19,4,2,2,2,4
Clyde Harding,16,43,7,1,3,2,6
Clyde Harding,16,46,8,1,4,3,2
Clyde Harding,16,76,0,1,0,0,2
Mi Tan,17,3,1,1,1,1,5
Mi Tan,17,82,2,3,3,6,9
Mi Tan,17,65,0,1,2,2,1
Mi Tan,17,98,4,4,3,4,5
Mi Tan,17,91,0,0,2,0,2
Mi Tan,17,72,3,3,4,5,1
Cydney Pursley,18,59,4,7,9,7,9
Cydney Pursley,18,36,5,8,4,6,4
Cydney Pursley,18,52,8,8,7,7,7
Cydney Pursley,18,100,5,8,7,9,7
Cydney Pursley,18,41,6,2,3,2,2
Cydney Pursley,18,84,4,10,5,6,7
Shelby Kinney,19,65,1,4,1,1,1
Shelby Kinney,19,53,1,6,1,3,3
Shelby Kinney,19,33,5,3,6,5,2
Shelby Kinney,19,13,2,5,2,0,2
Shelby Kinney,19,29,3,2,3,1,5
Shelby Kinney,19,35,3,4,1,3,1
Aasiya el-Noori,20,62,2,5,8,3,2
Aasiya el-Noori,20,49,5,5,2,7,5
Aasiya el-Noori,20,59,5,6,6,2,5
Aasiya el-Noori,20,73,2,2,9,1,8
Aasiya el-Noori,20,67,2,4,4,3,2
Aasiya el-Noori,20,33,8,8,8,8,7
Ashley Cooks,21,40,10,6,8,9,10
Ashley Cooks,21,79,6,6,2,1,6
Ashley Cooks,21,35,9,9,6,7,8
Ashley Cooks,21,57,6,4,4,4,10
Ashley Cooks,21,27,3,4,6,6,6
Ashley Cooks,21,41,4,2,5,6,6
Shiyan Vang,22,81,6,6,9,7,8
Shiyan Vang,22,27,3,5,2,2,0
Shiyan Vang,22,62,2,1,2,2,2
Shiyan Vang,22,98,8,8,5,8,7
Shiyan Vang,22,19,8,9,9,4,6
Shiyan Vang,22,9,9,9,7,6,7
Shaundra Tang,23,11,3,8,4,5,7
Shaundra Tang,23,43,4,5,6,5,8
Shaundra Tang,23,81,8,6,6,4,6
Shaundra Tang,23,40,4,4,9,9,7
Shaundra Tang,23,55,2,6,7,7,4
Shaundra Tang,23,54,7,8,4,7,9
Jennifer Medina,24,5,3,1,4,0,4
Jennifer Medina,24,54,8,5,5,4,5
Jennifer Medina,24,50,6,4,5,5,6
Jennifer Medina,24,52,6,9,7,7,6
Jennifer Medina,24,73,2,1,2,6,1
Jennifer Medina,24,31,1,1,3,5,5
Michael Gore,25,11,3,2,2,5,4
Michael Gore,25,33,9,6,3,2,6
Michael Gore,25,43,5,4,3,1,0
Michael Gore,25,70,4,1,6,1,1
Michael Gore,25,32,2,5,5,3,4
Michael Gore,25,49,1,1,0,2,1
Musaaid el-Farran,26,77,2,3,6,1,1
Musaaid el-Farran,26,46,9,6,8,9,3
Musaaid el-Farran,26,36,5,6,2,4,3
Musaaid el-Farran,26,59,1,7,3,6,3
Musaaid el-Farran,26,82,9,7,5,9,7
Musaaid el-Farran,26,52,9,9,6,6,6
Thanh Lor,27,67,3,4,5,5,4
Thanh Lor,27,15,3,8,7,6,6
Thanh Lor,27,75,2,3,3,4,2
Thanh Lor,27,57,6,8,3,8,4
Thanh Lor,27,74,3,4,4,5,3
Thanh Lor,27,32,6,6,6,7,9
Miguel Weaver,28,48,7,6,4,5,7
Miguel Weaver,28,3,7,7,9,5,4
Miguel Weaver,28,54,7,5,9,4,9
Miguel Weaver,28,13,3,9,6,5,7
Miguel Weaver,28,43,1,6,4,6,1
Miguel Weaver,28,27,5,3,3,3,6
Rayona Diaz,29,11,9,8,7,9,8
Rayona Diaz,29,91,3,3,3,3,4
Rayona Diaz,29,99,5,9,2,2,4
Rayona Diaz,29,45,6,7,7,4,7
Rayona Diaz,29,57,6,8,9,6,7
Rayona Diaz,29,3,7,6,5,4,8
Guillermo Diaz,30,35,7,0,4,8,5
Guillermo Diaz,30,31,3,4,2,7,1
Guillermo Diaz,30,46,3,3,8,7,4
Guillermo Diaz,30,72,3,4,6,5,3
Guillermo Diaz,30,3,6,6,6,6,5
Guillermo Diaz,30,41,2,2,2,1,3
Anthony Chang,31,15,9,4,4,5,4
Anthony Chang,31,36,9,5,3,7,2
Anthony Chang,31,31,4,4,4,1,4
Anthony Chang,31,52,9,5,9,6,8
Anthony Chang,31,29,5,7,9,7,9
Anthony Chang,31,24,10,8,9,9,10
Mindie Rashidi,32,24,3,1,6,8,8
Mindie Rashidi,32,6,3,1,1,1,1
Mindie Rashidi,32,13,3,2,2,3,4
Mindie Rashidi,32,41,1,0,1,1,0
Mindie Rashidi,32,94,2,4,0,0,0
Mindie Rashidi,32,32,3,6,5,8,6
Adrien Cisneros,33,43,8,7,9,8,8
Adrien Cisneros,33,79,7,2,8,7,8
Adrien Cisneros,33,27,5,8,7,1,3
Adrien Cisneros,33,84,9,10,7,8,9
Adrien Cisneros,33,75,3,6,3,7,1
Adrien Cisneros,33,81,7,8,9,8,10
Rahel Namons,34,5,0,2,2,3,4
Rahel Namons,34,20,1,3,1,2,1
Rahel Namons,34,81,4,2,3,6,1
Rahel Namons,34,67,0,1,0,1,0
Rahel Namons,34,3,4,2,3,2,3
Rahel Namons,34,94,0,0,0,1,0
Nancy Kannenberg,35,46,9,9,9,10,7
Nancy Kannenberg,35,85,8,6,5,4,5
Nancy Kannenberg,35,45,9,8,8,8,6
Nancy Kannenberg,35,99,4,5,6,4,9
Nancy Kannenberg,35,65,9,7,7,6,6
Nancy Kannenberg,35,49,9,6,6,4,4
Maxwell Jain,36,33,7,8,9,8,7
Maxwell Jain,36,9,3,4,8,8,5
Maxwell Jain,36,100,9,9,9,7,7
Maxwell Jain,36,61,5,8,3,5,5
Maxwell Jain,36,76,3,4,3,4,6
Maxwell Jain,36,74,7,6,6,7,1
Mudrik al-Saade,37,81,4,3,7,6,2
Mudrik al-Saade,37,9,4,5,8,3,4
Mudrik al-Saade,37,15,9,7,9,9,6
Mudrik al-Saade,37,52,8,6,8,9,7
Mudrik al-Saade,37,33,7,8,8,9,3
Mudrik al-Saade,37,19,8,8,8,5,10
Tove Murray,38,65,3,1,0,5,0
Tove Murray,38,35,4,2,5,8,5
Tove Murray,38,55,3,1,4,0,1
Tove Murray,38,98,6,1,5,5,1
Tove Murray,38,58,6,8,8,5,7
Tove Murray,38,82,1,1,5,9,5
Breianna Spengler,39,58,5,7,6,6,9
Breianna Spengler,39,5,6,2,3,1,3
Breianna Spengler,39,90,1,0,0,1,3
Breianna Spengler,39,46,4,7,4,3,7
Breianna Spengler,39,69,8,4,4,6,7
Breianna Spengler,39,43,2,5,5,6,3
Gina Waitley,40,62,2,2,1,2,1
Gina Waitley,40,6,0,1,0,1,1
Gina Waitley,40,46,6,7,4,3,7
Gina Waitley,40,50,5,2,1,4,1
Gina Waitley,40,77,2,0,1,3,2
Gina Waitley,40,15,3,5,2,3,4
Ruqayya el-Tabet,41,81,3,3,2,4,4
Ruqayya el-Tabet,41,49,1,2,1,6,0
Ruqayya el-Tabet,41,32,4,4,2,5,7
Ruqayya el-Tabet,41,96,5,5,3,3,2
Ruqayya el-Tabet,41,15,5,1,4,6,5
Ruqayya el-Tabet,41,12,7,5,6,7,5
Edeer Bryant,42,5,1,3,5,2,2
Edeer Bryant,42,46,8,5,6,10,5
Edeer Bryant,42,41,0,1,2,0,5
Edeer Bryant,42,33,3,3,9,3,6
Edeer Bryant,42,98,3,5,6,5,6
Edeer Bryant,42,31,3,4,2,2,5
Joshua Richardson,43,29,4,8,6,6,8
Joshua Richardson,43,61,3,5,8,4,4
Joshua Richardson,43,91,2,1,3,2,3
Joshua Richardson,43,96,7,7,9,4,8
Joshua Richardson,43,74,3,5,7,1,1
Joshua Richardson,43,95,7,9,6,9,8
Munsif al-Mir,44,96,7,9,4,6,9
Munsif al-Mir,44,32,10,10,7,7,9
Munsif al-Mir,44,31,5,6,7,6,8
Munsif al-Mir,44,45,8,8,8,8,4
Munsif al-Mir,44,95,8,6,8,7,8
Munsif al-Mir,44,84,4,7,9,6,4
Jaimin Oyebi,45,19,9,9,9,9,9
Jaimin Oyebi,45,96,6,9,7,9,9
Jaimin Oyebi,45,31,5,7,6,8,8
Jaimin Oyebi,45,58,8,5,9,8,7
Jaimin Oyebi,45,9,3,7,6,8,6
Jaimin Oyebi,45,69,7,9,9,9,7
Emily Truong,46,48,6,8,6,9,9
Emily Truong,46,82,9,8,9,7,10
Emily Truong,46,62,8,8,5,4,6
Emily Truong,46,31,2,2,3,5,7
Emily Truong,46,54,8,6,10,10,9
Emily Truong,46,43,7,5,6,5,7
Tylan D'Almeida,47,47,7,4,6,6,9
Tylan D'Almeida,47,91,3,2,2,2,4
Tylan D'Almeida,47,45,5,6,7,8,8
Tylan D'Almeida,47,11,6,9,6,8,8
Tylan D'Almeida,47,79,5,5,1,7,3
Tylan D'Almeida,47,77,4,3,6,8,4
Thuan Bauer,48,81,6,5,2,4,3
Thuan Bauer,48,74,2,1,0,0,2
Thuan Bauer,48,82,4,5,5,2,4
Thuan Bauer,48,29,5,3,2,5,6
Thuan Bauer,48,90,2,0,0,2,0
Thuan Bauer,48,100,5,6,4,3,2
Hazeela al-Jamal,49,59,7,8,6,3,2
Hazeela al-Jamal,49,94,3,4,3,2,1
Hazeela al-Jamal,49,33,7,6,4,5,7
Hazeela al-Jamal,49,27,3,1,4,2,1
Hazeela al-Jamal,49,45,3,2,3,4,5
Hazeela al-Jamal,49,13,7,4,4,9,7
Charles Lindauer,50,79,2,2,2,4,1
Charles Lindauer,50,72,4,5,2,4,8
Charles Lindauer,50,3,5,5,8,5,2
Charles Lindauer,50,90,2,4,1,1,1
Charles Lindauer,50,40,8,8,9,9,8
Charles Lindauer,50,11,3,3,3,8,4
Shaleel Turner,51,40,9,9,8,8,7
Shaleel Turner,51,58,6,9,7,7,6
Shaleel Turner,51,6,2,8,2,3,2
Shaleel Turner,51,45,7,6,3,4,5
Shaleel Turner,51,5,5,3,6,2,5
Shaleel Turner,51,9,7,6,6,7,6
Gabai De Leon Lopez,52,82,7,5,7,9,7
Gabai De Leon Lopez,52,13,4,9,6,6,4
Gabai De Leon Lopez,52,84,8,8,8,8,2
Gabai De Leon Lopez,52,37,1,7,9,5,5
Gabai De Leon Lopez,52,90,1,1,9,1,4
Gabai De Leon Lopez,52,48,7,3,8,7,3
Sharaf el-Sami,53,33,7,9,9,9,9
Sharaf el-Sami,53,84,9,3,7,8,8
Sharaf el-Sami,53,58,8,9,9,10,4
Sharaf el-Sami,53,9,10,5,9,9,10
Sharaf el-Sami,53,50,7,8,5,6,2
Sharaf el-Sami,53,70,7,4,8,8,5
Emylie Fulton,55,80,6,6,3,6,3
Emylie Fulton,55,33,9,9,10,9,9
Emylie Fulton,55,5,7,5,5,8,6
Emylie Fulton,55,46,10,9,9,8,8
Emylie Fulton,55,31,5,3,8,8,7
Emylie Fulton,55,3,9,7,8,6,8
Thor Horkans,56,36,6,5,6,3,6
Thor Horkans,56,32,8,9,10,8,6
Thor Horkans,56,80,3,4,4,1,3
Thor Horkans,56,95,6,7,3,10,7
Thor Horkans,56,72,7,3,6,7,7
Thor Horkans,56,45,9,7,7,2,7
Anne Chhay,57,54,7,9,8,9,9
Anne Chhay,57,46,7,9,10,9,8
Anne Chhay,57,98,7,6,9,7,9
Anne Chhay,57,36,7,9,8,8,9
Anne Chhay,57,63,5,9,9,6,9
Anne Chhay,57,13,8,7,6,9,4
Hyeju Victorino,58,79,2,1,1,1,1
Hyeju Victorino,58,91,1,2,2,2,0
Hyeju Victorino,58,85,5,6,0,2,6
Hyeju Victorino,58,33,8,10,8,9,6
Hyeju Victorino,58,37,6,2,8,4,1
Hyeju Victorino,58,65,1,3,4,5,4
Sultana al-Saadeh,59,41,2,1,0,7,4
Sultana al-Saadeh,59,95,4,6,6,2,4
Sultana al-Saadeh,59,91,0,1,2,3,1
Sultana al-Saadeh,59,15,5,6,2,9,7
Sultana al-Saadeh,59,13,2,4,6,0,4
Sultana al-Saadeh,59,74,2,1,0,5,0
Sarah Than,60,35,9,10,10,8,9
Sarah Than,60,15,10,10,10,10,9
Sarah Than,60,29,8,7,8,9,10
Sarah Than,60,43,5,9,8,6,9
Sarah Than,60,77,5,7,7,5,2
Sarah Than,60,96,9,9,10,10,9
Kala Mcdaniel,61,95,5,5,7,5,9
Kala Mcdaniel,61,75,1,2,1,2,1
Kala Mcdaniel,61,82,5,9,6,5,8
Kala Mcdaniel,61,45,3,6,8,2,5
Kala Mcdaniel,61,65,7,7,3,3,2
Kala Mcdaniel,61,77,4,5,1,1,2
Diozanae Garrett,62,74,3,2,2,1,0
Diozanae Garrett,62,11,1,1,2,2,1
Diozanae Garrett,62,94,1,0,1,3,3
Diozanae Garrett,62,76,2,1,4,0,5
Diozanae Garrett,62,15,5,3,4,1,4
Diozanae Garrett,62,85,2,1,0,2,2
Antonio Romero,63,91,3,3,3,2,4
Antonio Romero,63,50,4,8,8,9,9
Antonio Romero,63,65,7,6,4,8,4
Antonio Romero,63,98,5,6,7,8,10
Antonio Romero,63,29,10,8,2,7,9
Antonio Romero,63,69,9,10,7,9,8
Anthony Perez,64,98,1,5,1,4,8
Anthony Perez,64,27,0,0,0,0,4
Anthony Perez,64,79,3,1,0,2,3
Anthony Perez,64,73,2,2,5,4,3
Anthony Perez,64,69,5,3,4,0,7
Anthony Perez,64,99,2,1,1,1,2
Karanveer Pohl,65,54,2,6,2,7,4
Karanveer Pohl,65,74,1,3,2,3,1
Karanveer Pohl,65,35,1,3,5,2,2
Karanveer Pohl,65,13,6,3,4,7,2
Karanveer Pohl,65,61,4,3,3,2,3
Karanveer Pohl,65,20,5,8,1,4,6
Rory Mckitrick,66,15,4,7,7,8,9
Rory Mckitrick,66,53,9,8,5,8,7
Rory Mckitrick,66,95,1,6,7,5,8
Rory Mckitrick,66,47,5,6,5,5,6
Rory Mckitrick,66,100,8,9,8,6,2
Rory Mckitrick,66,50,5,4,7,6,4
Britney Lucero,67,67,1,0,3,1,2
Britney Lucero,67,24,5,3,2,7,7
Britney Lucero,67,36,0,4,1,1,1
Britney Lucero,67,35,0,3,4,1,3
Britney Lucero,67,19,1,0,0,2,2
Britney Lucero,67,20,3,7,2,3,6
Brian Armstrong,68,41,3,3,3,2,5
Brian Armstrong,68,31,2,2,1,4,1
Brian Armstrong,68,47,2,5,3,5,4
Brian Armstrong,68,36,1,3,5,4,2
Brian Armstrong,68,63,6,6,7,6,5
Brian Armstrong,68,5,0,3,2,2,3
Austin Terry,69,31,1,3,1,1,0
Austin Terry,69,6,3,5,0,0,0
Austin Terry,69,9,1,4,0,2,2
Austin Terry,69,43,1,1,3,0,0
Austin Terry,69,57,3,1,2,0,2
Austin Terry,69,77,0,1,3,0,0
Chuche Kearns,70,73,1,1,1,1,0
Chuche Kearns,70,15,1,1,1,1,2
Chuche Kearns,70,20,0,0,5,3,0
Chuche Kearns,70,55,1,2,1,0,1
Chuche Kearns,70,75,0,0,0,0,0
Chuche Kearns,70,12,0,1,2,1,2
Thanhtai Khat,71,98,7,9,7,7,6
Thanhtai Khat,71,12,5,7,7,9,9
Thanhtai Khat,71,63,6,8,6,8,1
Thanhtai Khat,71,29,9,6,7,9,6
Thanhtai Khat,71,53,5,4,7,4,5
Thanhtai Khat,71,20,6,3,3,7,7
Shayla Jeffries,72,20,10,10,10,10,9
Shayla Jeffries,72,74,8,9,6,5,5
Shayla Jeffries,72,100,7,10,4,10,9
Shayla Jeffries,72,29,10,10,9,10,6
Shayla Jeffries,72,85,9,7,5,3,4
Shayla Jeffries,72,36,7,9,8,9,8
Nitha York,73,40,10,9,9,9,8
Nitha York,73,6,6,4,3,5,7
Nitha York,73,69,7,9,9,8,6
Nitha York,73,58,7,8,5,9,8
Nitha York,73,54,8,8,6,10,9
Nitha York,73,94,4,7,5,7,5
Kyle Begay,74,5,5,5,5,8,3
Kyle Begay,74,65,7,7,5,1,4
Kyle Begay,74,100,7,5,8,9,8
Kyle Begay,74,48,2,6,5,6,8
Kyle Begay,74,41,5,7,3,7,2
Kyle Begay,74,85,6,5,6,2,6
Camille Williams,75,40,10,9,10,10,9
Camille Williams,75,85,4,8,6,3,3
Camille Williams,75,81,6,9,8,10,10
Camille Williams,75,11,7,8,7,7,8
Camille Williams,75,75,2,1,2,2,1
Camille Williams,75,29,6,8,9,5,10
Michael Orozco,76,100,3,6,7,9,5
Michael Orozco,76,54,8,7,6,6,4
Michael Orozco,76,82,4,6,7,4,4
Michael Orozco,76,69,6,6,7,6,9
Michael Orozco,76,9,3,7,3,7,5
Michael Orozco,76,80,3,1,3,1,1
John Lujan,77,84,6,6,5,6,4
John Lujan,77,27,4,3,4,2,4
John Lujan,77,49,4,3,5,4,4
John Lujan,77,77,2,1,6,1,4
John Lujan,77,47,5,3,4,7,9
John Lujan,77,54,5,10,8,9,10
Idrees el-Sawaya,78,20,10,10,7,8,10
Idrees el-Sawaya,78,62,1,7,2,5,9
Idrees el-Sawaya,78,33,9,10,10,10,9
Idrees el-Sawaya,78,15,10,9,9,10,10
Idrees el-Sawaya,78,81,8,7,9,10,10
Idrees el-Sawaya,78,98,10,9,9,8,8
Shajee'a al-Jaffer,79,45,3,1,3,5,7
Shajee'a al-Jaffer,79,77,1,5,2,2,2
Shajee'a al-Jaffer,79,15,7,5,7,6,5
Shajee'a al-Jaffer,79,98,5,7,8,9,7
Shajee'a al-Jaffer,79,76,1,1,2,1,3
Shajee'a al-Jaffer,79,72,8,3,3,5,4
Tayleur Mcdannel,80,63,4,2,8,6,5
Tayleur Mcdannel,80,99,3,4,4,3,1
Tayleur Mcdannel,80,54,3,6,9,9,4
Tayleur Mcdannel,80,5,6,3,6,4,3
Tayleur Mcdannel,80,35,9,9,6,2,6
Tayleur Mcdannel,80,53,5,5,8,5,6
Nuha al-Abdalla,81,19,7,6,5,4,7
Nuha al-Abdalla,81,29,8,7,5,5,7
Nuha al-Abdalla,81,62,0,3,0,5,2
Nuha al-Abdalla,81,63,3,8,6,8,5
Nuha al-Abdalla,81,31,2,3,3,9,4
Nuha al-Abdalla,81,70,0,1,5,8,1
Kitiara Jones,83,15,9,8,7,8,9
Kitiara Jones,83,81,7,8,7,8,8
Kitiara Jones,83,43,4,4,9,7,6
Kitiara Jones,83,76,7,8,3,5,3
Kitiara Jones,83,11,5,4,5,8,5
Kitiara Jones,83,75,4,3,4,4,4
Travis Little,84,12,9,5,8,8,8
Travis Little,84,5,6,7,8,4,7
Travis Little,84,29,10,9,8,8,9
Travis Little,84,61,7,7,8,8,7
Travis Little,84,19,7,9,8,8,10
Travis Little,84,6,5,3,8,5,8
Robert Parker,85,75,2,5,5,7,1
Robert Parker,85,43,7,6,5,9,5
Robert Parker,85,62,7,5,3,6,3
Robert Parker,85,54,8,8,8,7,9
Robert Parker,85,40,9,9,10,10,10
Robert Parker,85,80,8,7,6,3,3
Hilmi al-Abdelnour,86,29,2,8,6,5,8
Hilmi al-Abdelnour,86,19,8,4,8,5,7
Hilmi al-Abdelnour,86,73,2,5,3,7,5
Hilmi al-Abdelnour,86,45,7,2,3,7,7
Hilmi al-Abdelnour,86,5,2,1,3,2,4
Hilmi al-Abdelnour,86,72,7,2,6,1,7
Yejoon Kevin Morrison,87,15,6,1,3,4,4
Yejoon Kevin Morrison,87,91,0,0,0,0,0
Yejoon Kevin Morrison,87,80,0,1,1,0,0
Yejoon Kevin Morrison,87,76,0,0,0,0,0
Yejoon Kevin Morrison,87,55,0,1,1,0,0
Yejoon Kevin Morrison,87,5,1,1,0,0,1
Cody Bustillos,88,95,3,3,2,8,2
Cody Bustillos,88,37,4,5,2,4,5
Cody Bustillos,88,55,2,2,2,2,8
Cody Bustillos,88,72,2,7,5,3,6
Cody Bustillos,88,20,4,3,6,4,6
Cody Bustillos,88,24,8,5,6,6,8
Jordan Baumann,89,3,4,6,2,5,2
Jordan Baumann,89,70,3,2,3,1,2
Jordan Baumann,89,96,3,5,5,8,4
Jordan Baumann,89,81,4,3,7,2,6
Jordan Baumann,89,58,2,4,5,4,7
Jordan Baumann,89,31,1,1,0,1,4
Kevin Davis,90,59,1,6,4,3,2
Kevin Davis,90,32,5,6,6,6,3
Kevin Davis,90,47,4,2,3,2,6
Kevin Davis,90,85,0,2,1,0,0
Kevin Davis,90,70,1,1,1,4,3
Kevin Davis,90,57,1,3,5,1,4
Taber May,91,47,6,9,8,6,3
Taber May,91,20,7,5,9,3,8
Taber May,91,43,5,5,2,4,8
Taber May,91,75,1,2,2,2,3
Taber May,91,81,8,7,6,7,5
Taber May,91,15,10,10,9,7,6
Shanice Turner,92,20,2,1,8,4,2
Shanice Turner,92,90,2,0,1,2,0
Shanice Turner,92,27,5,2,4,4,3
Shanice Turner,92,100,4,8,8,8,6
Shanice Turner,92,46,10,7,5,2,7
Shanice Turner,92,69,4,3,6,1,8
Taqiyya el-Abad,93,94,3,2,6,4,1
Taqiyya el-Abad,93,54,10,8,10,10,8
Taqiyya el-Abad,93,47,8,10,5,7,2
Taqiyya el-Abad,93,6,9,3,8,5,4
Taqiyya el-Abad,93,91,4,4,2,7,1
Taqiyya el-Abad,93,80,3,3,3,5,5
Keshia Lazos Ornelas,94,69,8,9,10,3,9
Keshia Lazos Ornelas,94,46,9,9,10,10,10
Keshia Lazos Ornelas,94,70,6,3,4,4,6
Keshia Lazos Ornelas,94,49,5,6,6,8,4
Keshia Lazos Ornelas,94,90,0,2,7,7,5
Keshia Lazos Ornelas,94,77,3,6,4,9,7
Anastasia Weeman,95,53,6,3,8,6,4
Anastasia Weeman,95,5,9,2,2,5,1
Anastasia Weeman,95,95,7,9,8,7,7
Anastasia Weeman,95,24,9,10,9,9,6
Anastasia Weeman,95,94,3,2,0,5,4
Anastasia Weeman,95,41,5,3,3,2,1
Marley Busby,96,96,5,6,3,5,2
Marley Busby,96,54,8,7,4,5,8
Marley Busby,96,12,4,9,5,3,1
Marley Busby,96,5,2,1,2,2,1
Marley Busby,96,67,5,1,3,3,5
Marley Busby,96,65,1,1,0,1,3
Kosuke Johnson,97,45,8,10,8,9,9
Kosuke Johnson,97,57,9,8,9,9,8
Kosuke Johnson,97,96,10,8,8,8,10
Kosuke Johnson,97,74,7,7,5,1,5
Kosuke Johnson,97,35,8,8,8,9,9
Kosuke Johnson,97,37,8,9,9,8,9
Jermaine Allen,98,80,2,0,1,0,0
Jermaine Allen,98,76,0,1,1,1,1
Jermaine Allen,98,67,0,3,0,1,3
Jermaine Allen,98,52,6,7,10,7,4
Jermaine Allen,98,41,1,2,0,1,0
Jermaine Allen,98,49,0,0,1,1,1
Anh Asakawa,99,65,6,4,3,6,6
Anh Asakawa,99,19,8,8,5,7,9
Anh Asakawa,99,37,9,5,3,9,4
Anh Asakawa,99,59,9,7,8,7,10
Anh Asakawa,99,98,6,6,6,10,9
Anh Asakawa,99,29,8,5,9,9,6
Mahuroos el-Shah,100,90,1,2,1,1,1
Mahuroos el-Shah,100,76,7,2,2,2,1
Mahuroos el-Shah,100,29,4,4,8,3,4
Mahuroos el-Shah,100,65,1,1,3,0,4
Mahuroos el-Shah,100,40,8,7,6,9,9
Mahuroos el-Shah,100,12,4,4,7,4,3
Megan Sherry,101,77,0,0,2,0,1
Megan Sherry,101,31,5,1,3,0,6
Megan Sherry,101,3,3,1,4,4,4
Megan Sherry,101,49,0,3,0,0,2
Megan Sherry,101,98,5,5,5,6,8
Megan Sherry,101,47,1,1,6,4,7
Zachary Gallegos,103,53,6,7,9,8,2
Zachary Gallegos,103,24,8,9,6,9,10
Zachary Gallegos,103,19,7,4,4,9,5
Zachary Gallegos,103,79,2,3,2,5,5
Zachary Gallegos,103,73,9,3,9,5,6
Zachary Gallegos,103,63,9,3,4,5,5
Kanaan al-Aslam,104,84,8,2,5,7,7
Kanaan al-Aslam,104,29,6,2,3,3,5
Kanaan al-Aslam,104,54,9,6,5,5,3
Kanaan al-Aslam,104,48,4,1,2,1,4
Kanaan al-Aslam,104,45,4,3,2,2,2
Kanaan al-Aslam,104,6,1,1,0,0,1
Carrie Kloberdanz,105,57,4,4,3,3,2
Carrie Kloberdanz,105,76,1,2,3,2,4
Carrie Kloberdanz,105,43,2,8,1,4,3
Carrie Kloberdanz,105,62,4,1,2,3,2
Carrie Kloberdanz,105,52,7,9,8,9,8
Carrie Kloberdanz,105,63,7,7,7,6,4
Katrina Eckas,106,100,8,10,3,4,5
Katrina Eckas,106,74,4,1,1,2,3
Katrina Eckas,106,46,4,7,5,9,6
Katrina Eckas,106,91,2,5,5,3,2
Katrina Eckas,106,81,5,8,5,7,3
Katrina Eckas,106,12,5,5,5,7,3
Keith Ronnebaum,107,19,5,8,9,7,8
Keith Ronnebaum,107,53,6,7,8,7,3
Keith Ronnebaum,107,6,1,7,6,4,5
Keith Ronnebaum,107,41,5,8,4,5,1
Keith Ronnebaum,107,96,9,8,4,7,9
Keith Ronnebaum,107,98,8,9,9,8,9
Shaahida al-Saber,108,53,4,7,4,8,8
Shaahida al-Saber,108,46,8,10,9,8,9
Shaahida al-Saber,108,15,7,9,9,9,10
Shaahida al-Saber,108,76,6,3,3,5,4
Shaahida al-Saber,108,50,4,8,1,8,4
Shaahida al-Saber,108,6,2,4,1,8,4
Madeline Lo,109,41,2,2,3,7,4
Madeline Lo,109,85,4,3,6,8,4
Madeline Lo,109,29,9,6,7,9,9
Madeline Lo,109,43,4,6,9,6,6
Madeline Lo,109,98,8,1,5,8,8
Madeline Lo,109,45,6,8,9,8,6
Emily La,110,40,3,2,5,8,4
Emily La,110,90,0,1,0,0,0
Emily La,110,5,4,0,2,2,0
Emily La,110,77,0,0,1,0,0
Emily La,110,75,0,0,0,0,0
Emily La,110,24,5,7,5,7,5
Nuha el-Wali,111,58,6,3,9,8,9
Nuha el-Wali,111,80,4,0,4,2,2
Nuha el-Wali,111,35,6,5,4,6,8
Nuha el-Wali,111,73,5,3,4,5,2
Nuha el-Wali,111,67,5,4,3,5,1
Nuha el-Wali,111,19,2,5,9,5,5
Sadi al-Uddin,112,79,5,6,4,1,4
Sadi al-Uddin,112,24,10,8,9,10,10
Sadi al-Uddin,112,63,10,8,9,10,10
Sadi al-Uddin,112,77,9,7,5,9,8
Sadi al-Uddin,112,50,9,9,9,8,5
Sadi al-Uddin,112,40,9,10,10,10,9
Tonja Aggrey,113,61,5,2,8,4,3
Tonja Aggrey,113,45,3,5,4,1,5
Tonja Aggrey,113,70,3,0,1,2,2
Tonja Aggrey,113,98,5,7,5,7,5
Tonja Aggrey,113,91,0,5,3,2,4
Tonja Aggrey,113,95,4,3,3,5,2
Lacie Pino,114,13,7,5,8,5,3
Lacie Pino,114,55,5,6,7,2,7
Lacie Pino,114,82,9,8,9,4,8
Lacie Pino,114,24,9,9,9,8,8
Lacie Pino,114,95,8,2,9,6,7
Lacie Pino,114,43,1,4,6,6,8
Shantel Garcia Belarde,115,99,2,1,1,2,2
Shantel Garcia Belarde,115,11,4,3,3,3,3
Shantel Garcia Belarde,115,91,2,1,1,1,3
Shantel Garcia Belarde,115,67,4,3,5,2,2
Shantel Garcia Belarde,115,70,2,5,3,2,5
Shantel Garcia Belarde,115,59,4,5,6,8,5
Eric Hightower,116,96,8,9,5,3,9
Eric Hightower,116,50,9,7,8,7,9
Eric Hightower,116,19,10,8,7,8,9
Eric Hightower,116,20,9,8,8,8,7
Eric Hightower,116,45,7,8,7,5,7
Eric Hightower,116,84,5,5,7,8,9
Jace Fogarty,117,96,2,5,4,10,4
Jace Fogarty,117,82,3,8,3,6,7
Jace Fogarty,117,32,8,6,8,7,6
Jace Fogarty,117,95,4,5,10,5,4
Jace Fogarty,117,46,5,9,10,6,8
Jace Fogarty,117,31,4,1,3,4,3
Sean Allen,119,37,6,9,8,7,5
Sean Allen,119,45,3,4,7,5,8
Sean Allen,119,32,9,7,7,4,8
Sean Allen,119,79,3,6,3,0,2
Sean Allen,119,77,5,1,5,4,3
Sean Allen,119,47,4,8,5,2,7
Laron Schneck,120,24,9,9,10,9,10
Laron Schneck,120,52,9,10,9,7,9
Laron Schneck,120,59,4,10,10,10,9
Laron Schneck,120,20,7,9,9,5,6
Laron Schneck,120,13,7,7,7,5,7
Laron Schneck,120,77,7,7,6,8,4
Vanesa Silva,121,53,6,5,7,9,8
Vanesa Silva,121,90,3,1,1,3,6
Vanesa Silva,121,61,7,4,3,2,7
Vanesa Silva,121,57,7,6,8,8,5
Vanesa Silva,121,35,7,7,4,7,8
Vanesa Silva,121,72,8,8,9,9,6
Amber Kirkendall,122,100,1,6,5,6,9
Amber Kirkendall,122,32,4,7,8,6,6
Amber Kirkendall,122,20,5,2,3,5,7
Amber Kirkendall,122,84,2,1,5,3,3
Amber Kirkendall,122,79,1,0,1,1,0
Amber Kirkendall,122,70,1,1,1,3,1
Austin Naous,123,79,3,0,2,1,5
Austin Naous,123,49,2,1,3,2,4
Austin Naous,123,35,4,3,5,4,7
Austin Naous,123,96,4,3,3,7,9
Austin Naous,123,50,3,5,3,4,4
Austin Naous,123,9,3,3,7,3,6
Teresa Ishikawa,124,74,3,7,3,2,0
Teresa Ishikawa,124,95,7,5,7,4,2
Teresa Ishikawa,124,96,4,7,7,8,6
Teresa Ishikawa,124,11,3,6,4,7,4
Teresa Ishikawa,124,35,8,7,5,7,7
Teresa Ishikawa,124,63,3,4,7,4,6
Derek Statewright,125,13,6,8,3,4,5
Derek Statewright,125,5,8,5,1,5,6
Derek Statewright,125,79,3,1,5,2,2
Derek Statewright,125,49,2,5,8,3,6
Derek Statewright,125,67,3,8,7,2,8
Derek Statewright,125,43,3,2,8,5,3
Justin Elwood,126,74,3,5,4,2,4
Justin Elwood,126,69,3,8,7,7,9
Justin Elwood,126,19,6,10,7,5,5
Justin Elwood,126,15,9,8,8,10,9
Justin Elwood,126,82,8,10,8,10,8
Justin Elwood,126,33,7,7,9,9,9
Laura Gurule,127,6,1,4,4,3,9
Laura Gurule,127,52,9,8,6,8,8
Laura Gurule,127,53,6,8,5,9,7
Laura Gurule,127,82,10,8,9,10,9
Laura Gurule,127,94,2,4,8,2,3
Laura Gurule,127,63,8,6,8,9,8
Preston Martinez,128,63,1,0,1,3,0
Preston Martinez,128,43,1,1,1,2,2
Preston Martinez,128,35,2,1,1,1,8
Preston Martinez,128,94,0,0,1,0,0
Preston Martinez,128,69,2,3,4,6,1
Preston Martinez,128,36,1,0,1,0,0
Ahmed Gjurekovec,129,31,1,5,4,0,1
Ahmed Gjurekovec,129,46,2,6,7,7,7
Ahmed Gjurekovec,129,24,7,5,6,8,6
Ahmed Gjurekovec,129,29,3,3,2,3,2
Ahmed Gjurekovec,129,79,1,0,1,1,1
Ahmed Gjurekovec,129,20,6,2,1,9,2
Rita Malazada,130,99,2,1,3,1,0
Rita Malazada,130,15,7,5,9,3,6
Rita Malazada,130,36,2,7,1,3,4
Rita Malazada,130,53,2,1,2,1,2
Rita Malazada,130,46,4,7,9,6,5
Rita Malazada,130,81,4,2,5,8,5
Hannah Heinrich,131,74,7,5,7,8,6
Hannah Heinrich,131,11,9,9,7,9,4
Hannah Heinrich,131,90,5,5,6,4,6
Hannah Heinrich,131,32,9,10,8,10,10
Hannah Heinrich,131,53,9,10,10,8,9
Hannah Heinrich,131,20,9,9,10,10,10
Diani Anderson,132,74,6,6,7,7,3
Diani Anderson,132,32,10,10,9,7,9
Diani Anderson,132,41,8,8,8,9,7
Diani Anderson,132,59,8,8,7,10,7
Diani Anderson,132,85,5,4,7,2,7
Diani Anderson,132,52,10,10,10,9,10
Khoa Dang,133,24,10,10,10,9,8
Khoa Dang,133,59,8,8,8,5,3
Khoa Dang,133,53,7,8,9,8,8
Khoa Dang,133,61,6,7,6,3,9
Khoa Dang,133,58,8,9,8,8,9
Khoa Dang,133,33,7,8,9,9,8
Spencer Ralston,134,76,4,3,3,5,8
Spencer Ralston,134,15,4,8,7,5,7
Spencer Ralston,134,37,3,8,7,9,7
Spencer Ralston,134,95,4,8,5,8,7
Spencer Ralston,134,31,6,5,5,6,5
Spencer Ralston,134,61,3,5,5,4,7
Colin Williams,135,49,3,4,0,3,6
Colin Williams,135,79,3,2,1,3,5
Colin Williams,135,19,8,5,7,8,9
Colin Williams,135,40,9,9,8,9,6
Colin Williams,135,31,4,7,6,7,6
Colin Williams,135,15,8,8,7,8,10
Dillon Herzog,136,43,2,1,1,1,4
Dillon Herzog,136,65,3,3,1,3,1
Dillon Herzog,136,15,5,4,3,3,4
Dillon Herzog,136,80,1,0,2,1,0
Dillon Herzog,136,49,2,5,2,1,1
Dillon Herzog,136,79,1,0,0,0,1
Makayla Guzman Jimenez,137,55,4,2,1,2,3
Makayla Guzman Jimenez,137,77,3,3,2,1,2
Makayla Guzman Jimenez,137,84,7,5,1,6,6
Makayla Guzman Jimenez,137,61,2,3,5,3,4
Makayla Guzman Jimenez,137,9,8,0,8,6,5
Makayla Guzman Jimenez,137,96,3,4,3,1,7
Katherine Pizer,138,24,10,10,10,10,10
Katherine Pizer,138,49,10,8,8,9,9
Katherine Pizer,138,52,10,10,8,10,10
Katherine Pizer,138,12,10,8,9,10,10
Katherine Pizer,138,15,10,9,10,8,10
Katherine Pizer,138,77,9,6,9,9,8
Ashley Pedersen,139,36,6,6,8,6,3
Ashley Pedersen,139,24,9,10,9,8,9
Ashley Pedersen,139,15,10,7,7,6,7
Ashley Pedersen,139,98,10,7,7,7,6
Ashley Pedersen,139,72,9,8,8,8,8
Ashley Pedersen,139,35,5,8,7,5,5
Daniel Bailey,140,70,3,1,6,4,1
Daniel Bailey,140,63,3,7,1,8,5
Daniel Bailey,140,53,8,6,4,5,7
Daniel Bailey,140,33,8,8,5,9,6
Daniel Bailey,140,37,2,3,7,6,1
Daniel Bailey,140,80,2,1,1,1,4
Andy Lee,141,94,2,3,3,4,5
Andy Lee,141,98,8,8,9,9,8
Andy Lee,141,90,1,4,7,7,4
Andy Lee,141,32,10,8,8,9,9
Andy Lee,141,6,3,4,3,2,5
Andy Lee,141,57,7,8,7,9,8
Jeelaan el-Salehi,142,32,1,3,4,2,5
Jeelaan el-Salehi,142,3,1,2,0,2,4
Jeelaan el-Salehi,142,15,5,2,7,1,2
Jeelaan el-Salehi,142,54,2,1,5,6,1
Jeelaan el-Salehi,142,91,0,1,0,1,1
Jeelaan el-Salehi,142,47,1,2,1,7,3
Dalton Holiday,143,59,5,0,1,5,3
Dalton Holiday,143,48,2,1,1,0,2
Dalton Holiday,143,9,3,1,3,1,3
Dalton Holiday,143,72,1,1,2,3,0
Dalton Holiday,143,35,1,2,6,1,4
Dalton Holiday,143,75,0,0,0,0,0
Austin Kucharek,144,81,4,6,6,9,3
Austin Kucharek,144,32,8,6,7,3,9
Austin Kucharek,144,13,8,4,4,3,8
Austin Kucharek,144,70,2,5,4,4,6
Austin Kucharek,144,3,3,4,6,6,5
Austin Kucharek,144,33,7,7,8,10,9
Aatika el-Hashim,145,20,7,3,7,4,7
Aatika el-Hashim,145,43,4,8,2,7,4
Aatika el-Hashim,145,50,5,3,4,8,7
Aatika el-Hashim,145,48,3,5,1,3,8
Aatika el-Hashim,145,24,9,8,7,8,8
Aatika el-Hashim,145,6,3,2,2,3,3
Daniel Black,146,72,10,5,9,9,7
Daniel Black,146,70,8,5,2,7,5
Daniel Black,146,52,9,7,9,8,10
Daniel Black,146,45,6,5,5,5,4
Daniel Black,146,6,2,4,3,4,9
Daniel Black,146,91,3,3,5,3,3
Anthony Martin,147,46,10,10,10,10,10
Anthony Martin,147,36,10,9,9,10,9
Anthony Martin,147,59,10,10,10,10,10
Anthony Martin,147,9,10,10,10,10,10
Anthony Martin,147,43,9,9,8,9,10
Anthony Martin,147,99,9,7,9,10,7
Nebeu Emerson,148,36,4,5,6,4,2
Nebeu Emerson,148,46,9,6,9,10,9
Nebeu Emerson,148,29,7,9,6,3,9
Nebeu Emerson,148,99,4,9,2,3,5
Nebeu Emerson,148,79,2,2,3,1,2
Nebeu Emerson,148,50,8,3,5,4,10
Brianna Jaramillo,149,19,7,4,8,6,6
Brianna Jaramillo,149,37,8,5,9,9,6
Brianna Jaramillo,149,24,9,7,10,9,9
Brianna Jaramillo,149,29,9,8,7,5,8
Brianna Jaramillo,149,90,3,5,2,2,2
Brianna Jaramillo,149,100,2,6,7,6,5
Richard Wilson,150,37,3,1,1,0,1
Richard Wilson,150,36,3,1,2,3,2
Richard Wilson,150,70,3,1,1,2,2
Richard Wilson,150,69,3,8,6,2,1
Richard Wilson,150,67,2,1,3,4,4
Richard Wilson,150,79,0,0,0,0,0
